<?xml version="1.0" encoding="UTF-8"?>
<!DOCTYPE log4j:configuration PUBLIC "-//APACHE//DTD LOG4J 1.2//EN" "log4j.dtd">
<log4j:configuration debug="true" xmlns:log4j="http://jakarta.apache.org/log4j/">

	<!-- Appenders -->
	<appender name="console" class="org.apache.log4j.ConsoleAppender">
		<param name="Target" value="System.out" />
		<layout class="org.apache.log4j.PatternLayout">
			<param name="ConversionPattern" value="%-5p: %c - %m%n" />
		</layout>
	</appender>
	
	<appender name="file" class="org.apache.log4j.DailyRollingFileAppender">
		<param name="DatePattern" value="'.'yyyy-MM-dd" />
		<param name="file" value="${jboss.server.log.dir}/spring-mvc.log" />
		<layout class="org.apache.log4j.PatternLayout">
			<param name="ConversionPattern" value="%d{yyyy-MM-dd HH:mm:ss} %-5p %c{3}:%L - %m%n" />
		</layout>
	</appender>
	
	<!-- Application Loggers -->
	<logger name="it.spring.mvc">
		<level value="debug" />
	</logger>
	
	<logger name="it.spring.mvc.HomeController">
		<level value="debug" />
	</logger>
	
	<!-- 3rdparty Loggers -->
	<logger name="org.springframework.core">
		<level value="info" />
	</logger>
	
	<logger name="org.springframework.beans">
		<level value="info" />
	</logger>
	
	<logger name="org.springframework.context">
		<level value="info" />
	</logger>

	<logger name="org.springframework.web">
		<level value="info" />
	</logger>

	<!-- Root Logger -->
	<root>
		<priority value="debug" />
		<appender-ref ref="console" />
		<appender-ref ref="file" />
	</root>
	
</log4j:configuration>
