<?xml version="1.0" encoding="UTF-8"?>
<beans:beans xmlns="http://www.springframework.org/schema/mvc"
	xmlns:xsi="http://www.w3.org/2001/XMLSchema-instance"
	xmlns:beans="http://www.springframework.org/schema/beans"
	xmlns:context="http://www.springframework.org/schema/context"
	xsi:schemaLocation="http://www.springframework.org/schema/mvc http://www.springframework.org/schema/mvc/spring-mvc.xsd
		http://www.springframework.org/schema/beans http://www.springframework.org/schema/beans/spring-beans.xsd
		http://www.springframework.org/schema/context http://www.springframework.org/schema/context/spring-context.xsd">

	<!-- DispatcherServlet Context: defines this servlet's request-processing infrastructure -->
	
	<!-- Enables the Spring MVC @Controller programming model -->
	<!-- <annotation-driven /> -->
	<annotation-driven>
		<argument-resolvers>
			<beans:bean class="it.spring.mvc.utils.BookArgumentResolver"/>
		</argument-resolvers>
	</annotation-driven>
	
	
	<!-- Handles HTTP GET requests for /resources/** by efficiently serving up static resources in the ${webappRoot}/resources directory -->
	<resources mapping="/resources/**" location="/resources/" />

	<!-- Resolves views selected for rendering by @Controllers to .jsp resources in the /WEB-INF/views directory -->
	<beans:bean class="org.springframework.web.servlet.view.InternalResourceViewResolver">
		<beans:property name="prefix" value="/WEB-INF/views/" />
		<beans:property name="suffix" value=".jsp" />
	</beans:bean>
	
	
	<!-- AGGIUNTO -->
	<!--
	<beans:bean class="org.springframework.web.servlet.view.ContentNegotiatingViewResolver">
		<beans:property name="mediaTypes">
			<beans:map>
				<beans:entry key="atom" value="application/atom+xml"/>
				<beans:entry key="html" value="text/html"/>
				<beans:entry key="json" value="application/json"/>
			</beans:map>
		</beans:property>
		<beans:property name="viewResolvers">
			<beans:list>
				<beans:bean class="org.springframework.web.servlet.view.BeanNameViewResolver"/>
				<beans:bean class="org.springframework.web.servlet.view.InternalResourceViewResolver">
					<beans:property name="prefix" value="/WEB-INF/jsp/"/>
					<beans:property name="suffix" value=".jsp"/>
				</beans:bean>
			</beans:list>
		</beans:property>
		<beans:property name="defaultViews">
			<beans:list>
				<beans:bean class="org.springframework.web.servlet.view.json.MappingJacksonJsonView" />
			</beans:list>
		</beans:property>
		<beans:property name="order" value="2" />
	</beans:bean>
	-->
	
	<!-- AGGIUNTO -->
	<!--
	<beans:bean class="org.springframework.web.servlet.view.BeanNameViewResolver">
	 -->
		<!-- 
		Dato che nel WebApplicationContext sono presenti diversi ViewResolver,
		è necessario aggiungere in almeno uno di essi la proprietà order per
		identificarne la priorità.
		Impostando questo con order "1" significa che Spring MVC cercherà
		innanzitutto di utilizzare questo come resolver,
		e in caso di insuccesso passerà al precedente.
		 -->
	<!--
		<beans:property name="order" value="1" />
	</beans:bean>
	-->
	
	
	<!-- AGGIUNTO 
	Bean per la gestione della localizzazione, I18n e l10n -->
	<beans:bean id="messageSource" class="org.springframework.context.support.ReloadableResourceBundleMessageSource">
		<beans:property name="basename" value="/WEB-INF/messages/message"/>
	</beans:bean>
	<beans:bean id="localeResolver" class="org.springframework.web.servlet.i18n.CookieLocaleResolver">
		<beans:property name="defaultLocale" value="en"/>
	</beans:bean>
	<interceptors>		 
		<beans:bean id="localeChangeInterceptor" class="org.springframework.web.servlet.i18n.LocaleChangeInterceptor">
			<beans:property name="paramName" value="lang" />
		</beans:bean>
		<beans:bean class="it.spring.mvc.utils.LogHandlerInterceptor" />		 
	</interceptors>
	
	
	<!-- AGGIUNTO 
		Gestione delle eccezioni
	-->
	<beans:bean class="org.springframework.web.servlet.handler.SimpleMappingExceptionResolver">
		<beans:property name="exceptionMappings">
			<beans:map>
				<beans:entry key="com.albertobottarini.Eccezione1" value="nomevista1" />
				<beans:entry key="com.albertobottarini.Eccezione2" value="nomevista2" />
			</beans:map>
		</beans:property>
		<beans:property name="defaultErrorView" value="defaultvista" />
	</beans:bean>
	
	
	<!-- AGGIUNTO 
		Gestione dei file di properties
	-->
	<context:property-placeholder location="/WEB-INF/properties/*.properties"/>
	 	
	<context:component-scan base-package="it.spring.mvc" />
	
	
	
</beans:beans>
